Keyword,Rank
packers and movers in kharghar,-1
packers and movers in chembur,-1
packers and movers in mulund east,-1
packers and movers in mulund west,-1
packers and movers in gorai,30
packers and movers in dongari,-1
packers and movers in borivali,-1
packers and movers in kandivali west,-1
packers and movers in kandivali east,-1
packers and movers in goregaon,-1
packers and movers in andheri west,-1
packers and movers in andheri east,-1
packers and movers in navi mumbai,-1
packers and movers in vashi,-1
packers and movers in kopar khairane,-1
packers and movers in malad,-1
packers and movers in jogeshwari,-1
packers and movers in bhandup,85
packers and movers in powai,85
Keyword,Rank
packers and movers in mulund east,-1
